{"cameraMode":{"drawMode":0,"name":"Shaded","section":"Shading Mode"},"sceneLighting":true,"audioPlay":false,"sceneViewState":{"showFog":true,"showMaterialUpdate":true,"showSkybox":true,"showFlares":true,"showImageEffects":true,"showParticleSystems":true},"in2DMode":false,"pivot":{"x":101.26903533935547,"y":-7.976509094238281,"z":170.33621215820313},"rotation":{"x":-0.3781971335411072,"y":-0.13670969009399415,"z":0.05657879635691643,"w":-0.9138250946998596},"size":46.57829666137695,"orthographic":false}