{"cameraMode":{"drawMode":0,"name":"Shaded","section":"Shading Mode"},"sceneLighting":true,"audioPlay":false,"sceneViewState":{"showFog":true,"showMaterialUpdate":true,"showSkybox":true,"showFlares":true,"showImageEffects":true,"showParticleSystems":true},"in2DMode":false,"pivot":{"x":54.93585968017578,"y":-28.237346649169923,"z":173.3645782470703},"rotation":{"x":-0.3460817039012909,"y":0.005629184190183878,"z":-0.0020765154622495176,"w":-0.9381852746009827},"size":63.226566314697269,"orthographic":false}
﻿{"cameraMode":{"drawMode":0,"name":"Shaded","section":"Shading Mode"},"sceneLighting":true,"audioPlay":false,"sceneViewState":{"showFog":true,"showMaterialUpdate":true,"showSkybox":true,"showFlares":true,"showImageEffects":true,"showParticleSystems":true},"in2DMode":false,"pivot":{"x":90.9957275390625,"y":5.671888828277588,"z":158.7164764404297},"rotation":{"x":-0.20088642835617066,"y":0.10264676809310913,"z":-0.02117074839770794,"w":-0.973991870880127},"size":13.082249641418457,"orthographic":false}
