{"cameraMode":{"drawMode":0,"name":"Shaded","section":"Shading Mode"},"sceneLighting":true,"audioPlay":false,"sceneViewState":{"showFog":true,"showMaterialUpdate":true,"showSkybox":true,"showFlares":true,"showImageEffects":true,"showParticleSystems":true},"in2DMode":false,"pivot":{"x":125.21620178222656,"y":-13.815170288085938,"z":100.95195007324219},"rotation":{"x":-0.3460817039012909,"y":0.005629184190183878,"z":-0.0020765154622495176,"w":-0.9381852746009827},"size":61.33678436279297,"orthographic":false}