{"cameraMode":{"drawMode":0,"name":"Shaded","section":"Shading Mode"},"sceneLighting":true,"audioPlay":false,"sceneViewState":{"showFog":true,"showMaterialUpdate":true,"showSkybox":true,"showFlares":true,"showImageEffects":true,"showParticleSystems":true},"in2DMode":false,"pivot":{"x":54.93585968017578,"y":-28.237346649169923,"z":173.3645782470703},"rotation":{"x":-0.3460817039012909,"y":0.005629183724522591,"z":-0.0020765154622495176,"w":-0.9381852746009827},"size":63.226566314697269,"orthographic":false}