{"cameraMode":{"drawMode":0,"name":"Shaded","section":"Shading Mode"},"sceneLighting":false,"audioPlay":false,"sceneViewState":{"showFog":true,"showMaterialUpdate":true,"showSkybox":true,"showFlares":true,"showImageEffects":true,"showParticleSystems":true},"in2DMode":false,"pivot":{"x":0.06804203987121582,"y":0.831046462059021,"z":0.158025860786438},"rotation":{"x":-0.4142339825630188,"y":-0.050719648599624637,"z":0.02312689647078514,"w":-0.90846186876297},"size":4.810738563537598,"orthographic":false}