{"cameraMode":{"drawMode":0,"name":"Shaded","section":"Shading Mode"},"sceneLighting":true,"audioPlay":false,"sceneViewState":{"showFog":true,"showMaterialUpdate":true,"showSkybox":true,"showFlares":true,"showImageEffects":true,"showParticleSystems":true},"in2DMode":false,"pivot":{"x":92.13481903076172,"y":-0.3386068344116211,"z":108.6291275024414},"rotation":{"x":-0.11422332376241684,"y":0.5596891045570374,"z":-0.07824364304542542,"w":-0.8170551061630249},"size":30.486583709716798,"orthographic":false}