{"cameraMode":{"drawMode":0,"name":"Shaded","section":"Shading Mode"},"sceneLighting":true,"audioPlay":false,"sceneViewState":{"showFog":true,"showMaterialUpdate":false,"showSkybox":true,"showFlares":true,"showImageEffects":true,"showParticleSystems":true},"in2DMode":false,"pivot":{"x":55.67249298095703,"y":18.45775604248047,"z":170.99325561523438},"rotation":{"x":0.10410778969526291,"y":-0.8920811414718628,"z":0.35146602988243105,"w":0.2642432153224945},"size":161.63340759277345,"orthographic":false}