{"cameraMode":{"drawMode":0,"name":"Shaded","section":"Shading Mode"},"sceneLighting":false,"audioPlay":false,"sceneViewState":{"showFog":true,"showMaterialUpdate":true,"showSkybox":true,"showFlares":true,"showImageEffects":true,"showParticleSystems":true},"in2DMode":false,"pivot":{"x":4.311517238616943,"y":1.8417091369628907,"z":30.125808715820314},"rotation":{"x":0.01582656055688858,"y":0.9831879138946533,"z":-0.1045091450214386,"w":0.1488923877477646},"size":11.274397850036621,"orthographic":false}