{"cameraMode":{"drawMode":0,"name":"Shaded","section":"Shading Mode"},"sceneLighting":true,"audioPlay":false,"sceneViewState":{"showFog":true,"showMaterialUpdate":true,"showSkybox":true,"showFlares":true,"showImageEffects":true,"showParticleSystems":true},"in2DMode":false,"pivot":{"x":35.58799743652344,"y":-79.58306884765625,"z":71.25626373291016},"rotation":{"x":0.025129059329628946,"y":0.8783136010169983,"z":-0.4751591980457306,"w":0.04644987732172012},"size":400.2027282714844,"orthographic":false}