{"cameraMode":{"drawMode":0,"name":"Shaded","section":"Shading Mode"},"sceneLighting":true,"audioPlay":false,"sceneViewState":{"showFog":true,"showMaterialUpdate":true,"showSkybox":true,"showFlares":true,"showImageEffects":true,"showParticleSystems":true},"in2DMode":false,"pivot":{"x":107.66230010986328,"y":0.12408828735351563,"z":128.60971069335938},"rotation":{"x":-0.3103576898574829,"y":-0.26139307022094729,"z":0.08918679505586624,"w":-0.9096139073371887},"size":59.28280258178711,"orthographic":false}