{"cameraMode":{"drawMode":0,"name":"Shaded","section":"Shading Mode"},"sceneLighting":true,"audioPlay":false,"sceneViewState":{"showFog":true,"showMaterialUpdate":true,"showSkybox":true,"showFlares":true,"showImageEffects":true,"showParticleSystems":true},"in2DMode":false,"pivot":{"x":90.9957275390625,"y":5.671888828277588,"z":158.7164764404297},"rotation":{"x":-0.20088642835617066,"y":0.10264676809310913,"z":-0.02117074839770794,"w":-0.973991870880127},"size":13.082249641418457,"orthographic":false}